{
  "demo": "Quick SAM Grid Prompting",
  "image": "eng_tool",
  "sam_model": "sam_vit_b",
  "grid_prompts": 9,
  "valid_masks": 9,
  "mask_statistics": {
    "areas": [
      40896,
      31242,
      1819,
      21515,
      55755,
      31,
      27,
      7,
      0
    ],
    "coverage_percentages": [
      5.05688000791374,
      3.8631417548718963,
      0.22492333564150757,
      2.660376891878524,
      6.894227915718666,
      0.0038332179246216244,
      0.003338609160154318,
      0.0008655653378177862,
      0.0
    ],
    "mean_area": 16810.222222222223,
    "mean_coverage": 2.078620810938548
  },
  "grid_boxes": [
    [
      0.0,
      0.0,
      313.0,
      326.0
    ],
    [
      273.0,
      0.0,
      606.0,
      326.0
    ],
    [
      566.0,
      0.0,
      880.0,
      326.0
    ],
    [
      0.0,
      286.0,
      313.0,
      632.0
    ],
    [
      273.0,
      286.0,
      606.0,
      632.0
    ],
    [
      566.0,
      286.0,
      880.0,
      632.0
    ],
    [
      0.0,
      592.0,
      313.0,
      919.0
    ],
    [
      273.0,
      592.0,
      606.0,
      919.0
    ],
    [
      566.0,
      592.0,
      880.0,
      919.0
    ]
  ]
}